{"name":"a95da221-047b-49a5-9226-412973daaa9e","id":"/providers/Microsoft.Flow/flows/a95da221-047b-49a5-9226-412973daaa9e","type":"Microsoft.Flow/flows","properties":{"apiId":"/providers/Microsoft.PowerApps/apis/shared_logicflows","displayName":"PowerApps button","definition":{"metadata":{"workflowEntityId":null,"creator":{"id":"76c54a16-58ee-4219-a9ff-511247bdc818","type":"User","tenantId":"a0c0bde4-69bd-4066-b478-0668f7f2cc6c"},"provisioningMethod":"FromDefinition","failureAlertSubscription":true,"clientLastModifiedTime":"2019-10-29T20:27:42.1434299Z"},"$schema":"https://schema.management.azure.com/providers/Microsoft.Logic/schemas/2016-06-01/workflowdefinition.json#","contentVersion":"1.0.0.0","parameters":{"$connections":{"defaultValue":{},"type":"Object"},"$authentication":{"defaultValue":{},"type":"SecureObject"}},"triggers":{"manual":{"type":"Request","kind":"PowerApp","inputs":{"schema":{"type":"object","properties":{"Executestoredprocedure(V2)_SkillID":{"type":"integer","x-ms-powerflows-param-ispartial":false},"Executestoredprocedure(V2)_LocationID":{"type":"integer","x-ms-powerflows-param-ispartial":false}},"required":["Executestoredprocedure(V2)_SkillID","Executestoredprocedure(V2)_LocationID"]}}}},"actions":{"Execute_stored_procedure_(V2)":{"runAfter":{},"metadata":{"flowSystemMetadata":{"swaggerOperationId":"ExecuteProcedure_V2"}},"type":"ApiConnection","inputs":{"host":{"connection":{"name":"@json(decodeBase64(triggerOutputs().headers['X-MS-APIM-Tokens']))['$connections']['shared_sql']['connectionId']"},"api":{"runtimeUrl":"https://unitedstates-002.azure-apim.net/apim/sql"}},"method":"post","body":{"LocationID":"@triggerBody()['Executestoredprocedure(V2)_LocationID']","SkillID":"@triggerBody()['Executestoredprocedure(V2)_SkillID']"},"path":"/v2/datasets/@{encodeURIComponent(encodeURIComponent('default'))},@{encodeURIComponent(encodeURIComponent('default'))}/procedures/@{encodeURIComponent(encodeURIComponent('[dbo].[sp_ReturnMinDistance]'))}","authentication":{"type":"Raw","value":"@json(decodeBase64(triggerOutputs().headers['X-MS-APIM-Tokens']))['$ConnectionKey']"}}}},"outputs":{},"description":"Create one or more actions to happen when a button or link in PowerApps is selected. To use this flow from a PowerApp, select the control you want to trigger the flow and go to the Action tab in the PowerApps ribbon and select Flows."},"connectionReferences":{"shared_sql":{"connectionName":"71b2d3af5e1d44f9920a8b839c9d1649","source":"Invoker","id":"/providers/Microsoft.PowerApps/apis/shared_sql","tier":"NotSpecified"}},"flowFailureAlertSubscribed":false}}