{"schemaVersion":"1.0","appDefinitionTemplate":{"id":"/providers/Microsoft.PowerApps/apps/","type":"Microsoft.PowerApps/apps","tags":{"minimumRequiredApiVersion":"2.2.0"},"properties":{"appVersion":"2019-10-29T22:41:35Z","lifeCycleId":"Published","createdByClientVersion":{"major":3,"minor":19102,"build":22,"revision":0,"majorRevision":0,"minorRevision":0},"minClientVersion":{"major":3,"minor":19102,"build":22,"revision":0,"majorRevision":0,"minorRevision":0},"backgroundColor":"rgba(0, 176, 240, 1)","backgroundImageUri":"/8035659589875420496/N6066de6b-45cd-47af-bcef-9d08109051bc-logoSmallFile","displayName":"Deploy - Dispatcher - 3","description":"","commitMessage":"","appUris":{"documentUri":{"value":"/8035659589875420496/Neb37ecdb-f73e-4130-a0e3-7fd1c1b10629-document.msapp","readonlyValue":"/8035659589875420496/Neb37ecdb-f73e-4130-a0e3-7fd1c1b10629-document.msapp"},"imageUris":[]},"createdTime":"0001-01-01T00:00:00Z","lastModifiedTime":"0001-01-01T00:00:00Z","sharedGroupsCount":0,"sharedUsersCount":0,"icons":{"smallIconUri":"/8035659589875420496/Nd9802be7-7f43-4cb5-b018-46819a72d639-small.png","mediumIconUri":"/8035659589875420496/N85239b89-0812-4232-959a-095ef301c86c-medium.png","largeIconUri":"/8035659589875420496/N98d768a8-e79e-4246-b3bb-843478162d3a-large.png","wideIconUri":"/8035659589875420496/N320fe159-87aa-4bc2-a6e4-ee9071285da9-wide.png"},"connectionReferences":{"71c12d73-629e-4410-b5cc-5bb3e0e72a75":{"id":"bc8a3348-d9c3-4387-89b9-2394ce4a2ca9","displayName":"SQL Server","iconUri":"https://connectoricons-prod.azureedge.net/sql/icon_1.0.1276.1744.png","dataSources":["[dbo].[AvailableOperator]","[dbo].[vw_OperatorSkill]","[dbo].[Skill]","[dbo].[DistanceResults]","[dbo].[Facility]"],"dependencies":[],"dependents":["c4ca1ad9-5c13-4f70-8a75-18f00dd6b929"],"parameterHints":{},"isOnPremiseConnection":false,"sharedConnectionId":"559b4d95-3d1d-4cbe-b66f-ca8dc4ba1dfe","bypassConsent":false,"dataSets":{"default":{"dataSources":{"[dbo].[AvailableOperator]":{"tableName":"[dbo].[AvailableOperator]"},"[dbo].[vw_OperatorSkill]":{"tableName":"[dbo].[vw_OperatorSkill]"},"[dbo].[Skill]":{"tableName":"[dbo].[Skill]"},"[dbo].[DistanceResults]":{"tableName":"[dbo].[DistanceResults]"},"[dbo].[Facility]":{"tableName":"[dbo].[Facility]"}}}},"apiTier":"Premium","isCustomApiConnection":false},"c4ca1ad9-5c13-4f70-8a75-18f00dd6b929":{"id":"3706e378-d881-4683-b623-fed0d419a32a","displayName":"Logic flows","iconUri":"https://resourcestackdeploy.blob.core.windows.net/scripts/13276078.png","dataSources":["PowerAppsbutton"],"dependencies":["71c12d73-629e-4410-b5cc-5bb3e0e72a75"],"dependents":[],"parameterHints":{"workflowName":{"value":"9f8827db-b57f-446c-a91f-6fd0a9339511"},"71c12d73-629e-4410-b5cc-5bb3e0e72a75":{"value":"shared_sql"}},"isOnPremiseConnection":false,"bypassConsent":false,"dataSets":{},"apiTier":"Standard","isCustomApiConnection":false},"5c812126-d37c-4755-978f-a0ed7c7a03b1":{"id":"3706e378-d881-4683-b623-fed0d419a32a","displayName":"Logic flows","iconUri":"https://resourcestackdeploy.blob.core.windows.net/scripts/13276078.png","dataSources":["PowerApp->SendTextMessage(SMS)"],"dependencies":["2885e6f1-9f5b-41bb-a7e0-5a8fcee564c9"],"dependents":[],"parameterHints":{"workflowName":{"value":"181e5b02-8237-49e2-88c4-dd3fbb61f8c4"},"2885e6f1-9f5b-41bb-a7e0-5a8fcee564c9":{"value":"shared_twilio"}},"isOnPremiseConnection":false,"bypassConsent":false,"dataSets":{},"apiTier":"Standard","isCustomApiConnection":false},"2885e6f1-9f5b-41bb-a7e0-5a8fcee564c9":{"id":"5727a8e1-5e92-4ab4-b41e-e86fc11c5d31","displayName":"Twilio","iconUri":"https://connectoricons-prod.azureedge.net/twilio/icon_1.0.1261.1716.png","dataSources":[],"dependencies":[],"dependents":["5c812126-d37c-4755-978f-a0ed7c7a03b1"],"parameterHints":{},"isOnPremiseConnection":false,"sharedConnectionId":"365de2b4-6c02-4da3-a0f3-99a856cda26c","bypassConsent":false,"dataSets":{},"apiTier":"Standard","isCustomApiConnection":false},"8d27e6c6-316c-4994-9714-894deb3582a3":{"id":"bc8a3348-d9c3-4387-89b9-2394ce4a2ca9","displayName":"SQL Server","iconUri":"https://connectoricons-prod.azureedge.net/sql/icon_1.0.1276.1744.png","dataSources":["[dbo].[Location]"],"dependencies":[],"dependents":[],"parameterHints":{},"isOnPremiseConnection":false,"sharedConnectionId":"0a0d9740-2305-47f0-a0af-1b3ffd2d7351","bypassConsent":false,"dataSets":{"default":{"dataSources":{"[dbo].[Location]":{"tableName":"[dbo].[Location]"}}}},"apiTier":"Premium","isCustomApiConnection":false}},"databaseReferences":{},"almMode":"Environment","performanceOptimizationEnabled":false},"isAppComponentLibrary":false,"appComponents":[]}}