{"name":"b202ad57-4c81-48af-95c6-3e3afdc9b984","id":"/providers/Microsoft.Flow/flows/b202ad57-4c81-48af-95c6-3e3afdc9b984","type":"Microsoft.Flow/flows","properties":{"apiId":"/providers/Microsoft.PowerApps/apis/shared_logicflows","displayName":"PowerApp -> Send Text Message (SMS)","definition":{"metadata":{"workflowEntityId":null,"creator":{"id":"76c54a16-58ee-4219-a9ff-511247bdc818","type":"User","tenantId":"a0c0bde4-69bd-4066-b478-0668f7f2cc6c"},"provisioningMethod":"FromDefinition","failureAlertSubscription":true,"clientLastModifiedTime":"2019-10-29T22:25:03.2929481Z"},"$schema":"https://schema.management.azure.com/providers/Microsoft.Logic/schemas/2016-06-01/workflowdefinition.json#","contentVersion":"1.0.0.0","parameters":{"$connections":{"defaultValue":{},"type":"Object"},"$authentication":{"defaultValue":{},"type":"SecureObject"}},"triggers":{"manual":{"type":"Request","kind":"PowerApp","inputs":{"schema":{"type":"object","properties":{"SendTextMessage(SMS)_ToPhoneNumber":{"type":"string","description":"The destination phone number. Format with a '+' and country code e.g., +16175551212 (E.164 format).. This parameter is used as part of \"C52719AF-CBA4-44EE-B414-68AE1FDF841F\"","x-ms-powerflows-param-ispartial":true},"SendTextMessage(SMS)_Text":{"type":"string","description":"The text of the message you want to send, limited to 1600 characters.","x-ms-powerflows-param-ispartial":false}},"required":["SendTextMessage(SMS)_ToPhoneNumber","SendTextMessage(SMS)_Text"]}}}},"actions":{"Send_Text_Message_(SMS)":{"runAfter":{},"metadata":{"flowSystemMetadata":{"swaggerOperationId":"SendMessage"}},"type":"ApiConnection","inputs":{"host":{"connection":{"name":"@json(decodeBase64(triggerOutputs().headers['X-MS-APIM-Tokens']))['$connections']['shared_twilio']['connectionId']"},"api":{"runtimeUrl":"https://unitedstates-002.azure-apim.net/apim/twilio"}},"method":"post","body":{"from":"16307562457","to":"+1@{triggerBody()['SendTextMessage(SMS)_ToPhoneNumber']}","body":"@triggerBody()['SendTextMessage(SMS)_Text']"},"path":"/Messages.json","authentication":{"type":"Raw","value":"@json(decodeBase64(triggerOutputs().headers['X-MS-APIM-Tokens']))['$ConnectionKey']"}}}},"outputs":{}},"connectionReferences":{"shared_twilio":{"connectionName":"shared-twilio-020cf3af-551f-487b-acba-3bc3165d1e6f","source":"Invoker","id":"/providers/Microsoft.PowerApps/apis/shared_twilio","tier":"NotSpecified"}},"flowFailureAlertSubscribed":false}}