{"schemaVersion":"1.0","appDefinitionTemplate":{"id":"/providers/Microsoft.PowerApps/apps/","type":"Microsoft.PowerApps/apps","tags":{"minimumRequiredApiVersion":"2.2.0"},"properties":{"appVersion":"2019-10-29T21:24:17Z","lifeCycleId":"Published","createdByClientVersion":{"major":3,"minor":19102,"build":22,"revision":0,"majorRevision":0,"minorRevision":0},"minClientVersion":{"major":3,"minor":19102,"build":22,"revision":0,"majorRevision":0,"minorRevision":0},"backgroundColor":"rgba(0, 176, 240, 1)","backgroundImageUri":"/9664758477456127335/N5c158a98-8ad9-44e2-874e-7433d636f77b-logoSmallFile","displayName":"LeaseOpsSkillsAssessment","description":"","commitMessage":"","appUris":{"documentUri":{"value":"/9664758477456127335/N6196f303-4f9f-4546-a16e-9499f8c99d36-document.msapp","readonlyValue":"/9664758477456127335/N6196f303-4f9f-4546-a16e-9499f8c99d36-document.msapp"},"imageUris":[]},"createdTime":"0001-01-01T00:00:00Z","lastModifiedTime":"0001-01-01T00:00:00Z","sharedGroupsCount":0,"sharedUsersCount":0,"icons":{"smallIconUri":"/9664758477456127335/N3f3ff210-28bb-413a-822d-ea4a0344bc58-small.png","mediumIconUri":"/9664758477456127335/N1b257f07-0146-4024-9d5c-bc1b6a340ae1-medium.png","largeIconUri":"/9664758477456127335/N3ad5dfdc-968b-4fbf-9002-900573775922-large.png","wideIconUri":"/9664758477456127335/N9a268dfd-9286-4dae-a31d-6616314211e9-wide.png"},"connectionReferences":{"03c4537d-d741-41ed-a666-69a278fc8d64":{"id":"bc8a3348-d9c3-4387-89b9-2394ce4a2ca9","displayName":"SQL Server","iconUri":"https://connectoricons-prod.azureedge.net/sql/icon_1.0.1276.1744.png","dataSources":["[dbo].[AvailableOperator]","[dbo].[Skill]","[dbo].[vw_SkillTask]"],"dependencies":[],"dependents":[],"parameterHints":{},"isOnPremiseConnection":false,"sharedConnectionId":"559b4d95-3d1d-4cbe-b66f-ca8dc4ba1dfe","bypassConsent":false,"dataSets":{"default":{"dataSources":{"[dbo].[AvailableOperator]":{"tableName":"[dbo].[AvailableOperator]"},"[dbo].[Skill]":{"tableName":"[dbo].[Skill]"},"[dbo].[vw_SkillTask]":{"tableName":"[dbo].[vw_SkillTask]"}}}},"apiTier":"Premium","isCustomApiConnection":false},"3bb7c078-e089-4f38-a314-83515a422fae":{"id":"3706e378-d881-4683-b623-fed0d419a32a","displayName":"Logic flows","iconUri":"https://resourcestackdeploy.blob.core.windows.net/scripts/13276078.png","dataSources":["Deploy-FacialRecognitionFlow"],"dependencies":["11cf7281-fd3c-417c-b62b-5514292fd419"],"dependents":[],"parameterHints":{"workflowName":{"value":"6052db29-b414-4886-95a1-3089de5a8d4a"},"11cf7281-fd3c-417c-b62b-5514292fd419":{"value":"shared_sharepointonline"}},"isOnPremiseConnection":false,"bypassConsent":false,"dataSets":{},"apiTier":"Standard","isCustomApiConnection":false},"11cf7281-fd3c-417c-b62b-5514292fd419":{"id":"ab344d33-0e05-4978-8331-0fae27b441e4","displayName":"SharePoint","iconUri":"https://connectoricons-prod.azureedge.net/sharepointonline/icon_1.0.1278.1753.png","dataSources":[],"dependencies":[],"dependents":["3bb7c078-e089-4f38-a314-83515a422fae"],"parameterHints":{},"isOnPremiseConnection":false,"bypassConsent":false,"dataSets":{},"apiTier":"Standard","isCustomApiConnection":false}},"databaseReferences":{},"almMode":"Environment","performanceOptimizationEnabled":false},"isAppComponentLibrary":false,"appComponents":[]}}